Session_Index,Energy_Consumed_kWh,Charger_Type,Actual_Cost_USD,Predicted_Cost_USD,Difference
1,34.6802647525039,Level 2,36.02625218643517,25.953125,-10.073127186435173
2,47.19744469005413,Level 1,9.9884727910293,20.890625,10.9021522089707
3,68.23834404896303,Level 1,39.68502240326799,20.5,-19.185022403267993
4,8.713190575944605,Level 2,9.644101413904608,20.59375,10.949648586095392
5,61.93297987243194,Level 2,24.521404012067748,21.4375,-3.083904012067748
